{
    "hyperparameters": {
        "optimizer": "Adam",
        "loss-function": "NLLLoss",
        "epochs": 10,
        "learning-rate": [
            0.0035,
            [
                0.0033,
                0
            ],
            [
                0.0022,
                10
            ],
            [
                0.002,
                12
            ],
            [
                0.0018,
                15
            ],
            [
                0.00125,
                17
            ],
            [
                0.001,
                20
            ]
        ],
        "batch-size": 1000,
        "init-learning-rate": 0.0035,
        "cnn-layers": 1,
        "cnn-channels": [
            64
        ],
        "kernel-size": 3,
        "hidden-size": 200,
        "rnn-layers": 2,
        "decay-rate": 0.9875,
        "decay-intervall": 100,
        "dropout-chance": 0.3,
        "embedding-size": 200,
        "augmentation": 0.2
    },
    "results": {
        "train-accuracy": [
            68.25226,
            74.76806,
            78.17608,
            80.05912,
            81.20087,
            79.68568,
            80.49503,
            81.21626,
            81.88294,
            82.40277,
            85.09935,
            85.61358,
            85.9059,
            85.98236,
            80.41251,
            86.41454,
            80.8624,
            87.06071,
            79.95375,
            78.41385,
            87.73905,
            79.02459,
            78.3579
        ],
        "train-loss": [
            1.181778433156568,
            0.9656074432439582,
            0.8496196832767753,
            0.7845552915750548,
            0.7422258354896722,
            0.8019331075424372,
            0.7685030632240828,
            0.7407167124193769,
            0.7176840141762134,
            0.6981068536292675,
            0.5965554583904356,
            0.5786794745644858,
            0.5538358775682227,
            0.5476899529612341,
            0.7389022136843482,
            0.5190609531347141,
            0.7089104890823364,
            0.47957540584165,
            0.725552175211352,
            0.7755036076834035,
            0.4506949268108191,
            0.7440643140049867,
            0.7660014995308809
        ],
        "validation-accuracy": [
            71.24874,
            75.08392,
            76.40148,
            77.71903,
            78.48271,
            78.3904,
            79.71635,
            79.7667,
            79.85062,
            80.31219,
            80.52199,
            80.22826,
            80.63948,
            81.15979,
            80.9332,
            80.98355,
            81.23531,
            81.95703,
            81.57939,
            81.69688,
            81.86472,
            81.85633,
            81.64653
        ],
        "validation-loss": [
            1.0221016854047775,
            0.8944791555404663,
            0.8512598276138306,
            0.8101507176955541,
            0.7941596607367197,
            0.7889961252609888,
            0.7508916159470876,
            0.7477689683437347,
            0.7448606391747793,
            0.7374403675397238,
            0.7245176980892817,
            0.7510472138722738,
            0.728805790344874,
            0.7232447266578674,
            0.7190519322951635,
            0.7255892852942148,
            0.7216652830441793,
            0.7035232931375504,
            0.7047248830397924,
            0.7062515666087469,
            0.7176224986712137,
            0.7088136225938797,
            0.7066398312648138
        ]
    }
}