{
    "hyperparameters": {
        "optimizer": "Adam",
        "loss-function": "NLLLoss",
        "epochs": 10,
        "learning-rate": [
            0.0035,
            [
                0.00125,
                10
            ]
        ],
        "batch-size": [
            1000
        ],
        "cnn-layers": 3,
        "cnn-channels": [
            32,
            64,
            128
        ],
        "kernel-size": 3,
        "hidden-size": 200,
        "rnn-layers": 1,
        "decay-rate": 0.985,
        "decay-intervall": 95,
        "dropout-chance": 0.3,
        "embedding-size": 200,
        "dense-layer-1": "logsoftmax",
        "augmentation": 0.5
    },
    "results": {
        "train-accuracy": [
            11.00637,
            39.77501,
            56.55916,
            64.80834,
            68.35016,
            70.45092,
            71.96705,
            73.01603,
            73.91815,
            74.65524,
            80.52953,
            81.2419,
            76.24176,
            76.73828,
            77.11964,
            77.41941,
            77.58585,
            77.88796,
            78.12946,
            78.34811
        ],
        "train-loss": [
            2.84532912276512,
            1.9533929392348888,
            1.5303483247756957,
            1.2799747078917747,
            1.1628607772117436,
            1.0940351342045984,
            1.0440854050392328,
            1.007386518079181,
            0.9785840591718984,
            0.947955095490744,
            0.7339758659518042,
            0.7063151614610539,
            0.877702997174374,
            0.8571461389231128,
            0.8479999436888583,
            0.8335819646369579,
            0.8281597517257513,
            0.8166605982669565,
            0.8087825339893963,
            0.8002097321111102
        ],
        "validation-accuracy": [
            20.89627,
            53.38201,
            65.37429,
            70.39275,
            72.33132,
            73.93421,
            74.81537,
            76.46022,
            76.87983,
            76.43505,
            78.45754,
            78.20577,
            78.74287,
            78.99463,
            78.86875,
            78.80161,
            79.13729,
            78.58342,
            79.20443,
            79.17925
        ],
        "validation-loss": [
            2.4648149410883584,
            1.5783164203166962,
            1.198076605796814,
            1.0605017294486363,
            0.9871296683947245,
            0.937390590707461,
            0.909317081173261,
            0.8703131973743439,
            0.8601384609937668,
            0.8557300418615341,
            0.8015764107306799,
            0.8147892653942108,
            0.7819791585206985,
            0.7885140478610992,
            0.787311444679896,
            0.7843971848487854,
            0.7732442369063696,
            0.7872326870759329,
            0.7851463754971822,
            0.7805439531803131
        ]
    }
}