{
    "hyperparameters": {
        "learning-rate": [
            0.0035,
            [
                0.002,
                10
            ],
            [
                0.0016,
                15
            ]
        ],
        "model-name": "21_nat_and_else_1",
        "dataset-name": "final_more_nationalities",
        "test-size": 0.05,
        "optimizer": "Adam",
        "loss-function": "NLLLoss",
        "epochs": 10,
        "batch-size": 1000,
        "init-learning-rate": 0.0035,
        "cnn-parameters": [
            1,
            3,
            [
                64
            ]
        ],
        "hidden-size": 200,
        "rnn-layers": 2,
        "lr-schedule": [
            0.0035,
            0.9875,
            100
        ],
        "dropout-chance": 0.3,
        "embedding-size": 200,
        "augmentation": 0.25,
        "resume": false
    },
    "results": {
        "train-accuracy": [
            7.16104,
            30.60598,
            64.5067,
            74.74568,
            75.12285,
            77.13969,
            78.51875,
            79.43765,
            80.35097,
            80.99294,
            84.18044,
            84.82242,
            85.3208,
            85.78795,
            83.39114,
            86.26349,
            84.03219,
            80.06891,
            80.39432,
            80.6927
        ],
        "train-loss": [
            3.049386857276739,
            2.252253284565238,
            1.2936510124871896,
            0.9684246382047964,
            0.9610909894455311,
            0.8828130677688953,
            0.8353681481161783,
            0.7967552914175876,
            0.7647353197253027,
            0.7403601455134015,
            0.6291763635568841,
            0.6041969977145971,
            0.582738510813824,
            0.5649181242599044,
            0.6476575740548067,
            0.5342929995337198,
            0.6059499477231225,
            0.7382437073907187,
            0.7264432549476624,
            0.7131754573001418
        ],
        "validation-accuracy": [
            13.28466,
            51.28399,
            70.45989,
            74.32024,
            76.85465,
            77.30782,
            78.31487,
            79.25478,
            79.73313,
            79.7667,
            80.37932,
            80.5136,
            80.54716,
            80.64787,
            80.80732,
            81.2521,
            81.00034,
            81.3528,
            80.90802,
            80.84089
        ],
        "validation-loss": [
            2.7941457629203796,
            1.612884759902954,
            1.0592932651440303,
            0.9155879765748978,
            0.849404364824295,
            0.8258354713519415,
            0.7937313814957937,
            0.7698715527852377,
            0.7624024848143259,
            0.7480630973974863,
            0.7324612339337667,
            0.7261086453994116,
            0.730842058857282,
            0.7242219348748525,
            0.7345070242881775,
            0.7230949103832245,
            0.723292738199234,
            0.7159309138854345,
            0.719967449704806,
            0.7318198829889297
        ]
    }
}