{
    "hyperparameters": {
        "optimizer": "Adam",
        "loss-function": "NLLLoss",
        "epochs": 10,
        "learning-rate": [
            0.0035,
            [
                0.0024,
                10
            ],
            [
                0.0015,
                14
            ],
            [
                0.001,
                17
            ],
            [
                0.0002,
                19
            ]
        ],
        "batch-size": [
            1000
        ],
        "cnn-layers": 3,
        "cnn-channels": [
            32,
            64,
            128
        ],
        "kernel-size": 2,
        "hidden-size": 200,
        "rnn-layers": 1,
        "decay-rate": 0.985,
        "decay-intervall": 93,
        "dropout-chance": 0.3,
        "embedding-size": 200,
        "dense-layer-1": "logsoftmax",
        "augmentation": 0.2
    },
    "results": {
        "train-accuracy": [
            9.49537,
            39.32791,
            63.83675,
            71.91576,
            75.48882,
            74.84965,
            76.58676,
            77.64693,
            78.63577,
            79.22273,
            82.21069,
            82.86292,
            83.21538,
            83.76505,
            84.37998,
            84.86904,
            85.17954,
            85.2919,
            85.7334,
            86.25789,
            86.49939,
            83.56877
        ],
        "train-loss": [
            2.9334903218025383,
            2.013859292518261,
            1.3029106949650964,
            1.0482563487319059,
            0.9372536731320759,
            0.9651261681734129,
            0.9040134765381037,
            0.8648536025091659,
            0.8291184461394022,
            0.8069298871727877,
            0.7028599503428437,
            0.6789795257324396,
            0.6603724499081456,
            0.643453131997308,
            0.6107804215231607,
            0.5923602070919303,
            0.579403536402902,
            0.5603434805260148,
            0.5482912038647851,
            0.5169284817784332,
            0.5036234949910363,
            0.6098990237990091
        ],
        "validation-accuracy": [
            20.63612,
            52.14837,
            68.01779,
            72.23901,
            74.37899,
            75.98187,
            77.36657,
            77.95401,
            78.34005,
            79.31353,
            78.60859,
            78.90232,
            79.88419,
            79.58207,
            79.90097,
            79.8758,
            80.01846,
            80.28701,
            80.11917,
            80.76536,
            80.79893,
            80.49681
        ],
        "validation-loss": [
            2.6040782928466797,
            1.5936305522918701,
            1.1235308051109314,
            0.983538493514061,
            0.928349365790685,
            0.8807228803634644,
            0.8251995990673701,
            0.811442494392395,
            0.7988376120726267,
            0.7830083767573038,
            0.7900371303160986,
            0.7815512816111246,
            0.752236396074295,
            0.7549400130907694,
            0.7561359107494354,
            0.749705359339714,
            0.7470034708579382,
            0.7462026178836823,
            0.7387391328811646,
            0.7317056953907013,
            0.7321793039639791,
            0.7325048247973124
        ]
    }
}