{
    "hyperparameters": {
        "optimizer": "Adam",
        "loss-function": "NLLLoss",
        "epochs": 23,
        "learning-rate": [
            0.0035,
            [
                0.003,
                7
            ],
            [
                0.00175,
                13
            ],
            [
                0.00125,
                19
            ]
        ],
        "batch-size": [
            1000
        ],
        "cnn-layers": 4,
        "cnn-channels": [
            32,
            64,
            128,
            256
        ],
        "kernel-size": 3,
        "hidden-size": 200,
        "rnn-layers": 1,
        "decay-rate": 0.9875,
        "decay-intervall": 95,
        "dropout-chance": 0.2,
        "embedding-size": 200,
        "dense-layer-1": "logsoftmax",
        "augmentation": 0.1
    },
    "results": {
        "train-accuracy": [
            11.25834,
            38.22137,
            62.11519,
            70.31359,
            73.30021,
            76.17376,
            77.47361,
            78.34106,
            79.36487,
            80.42401,
            80.96462,
            81.46725,
            82.11475,
            83.04757,
            83.60585,
            84.12393,
            84.5369,
            84.78822,
            85.15216,
            85.81953,
            86.16536,
            86.63001,
            86.90252,
            87.11364,
            87.54516
        ],
        "train-loss": [
            2.797372979739689,
            1.8808455782314755,
            1.3090038919238791,
            1.078951610605097,
            0.9780179750551736,
            0.8968683433952835,
            0.8518022600774723,
            0.8254637363723721,
            0.7913563705751024,
            0.7611117047885441,
            0.7381521731221203,
            0.7195157056863087,
            0.6958897940912961,
            0.6558147295981251,
            0.6333118839936109,
            0.617876501072871,
            0.6030863295042568,
            0.5907070409621437,
            0.5771130311594136,
            0.5523986569585254,
            0.5368672937548633,
            0.5219536289769647,
            0.515118157154663,
            0.5052665764802353,
            0.4911504826356661
        ],
        "validation-accuracy": [
            24.72306,
            54.666,
            65.92816,
            71.8194,
            72.94394,
            74.50487,
            75.44478,
            76.56932,
            77.59315,
            77.52602,
            77.32461,
            77.67707,
            78.38201,
            79.30514,
            79.238,
            79.3387,
            78.78483,
            79.238,
            79.40584,
            79.15408,
            79.48976,
            79.30514,
            79.50655,
            79.20443,
            79.13729
        ],
        "validation-loss": [
            2.3675609032313027,
            1.5124062299728394,
            1.19588041305542,
            1.0183240075906117,
            0.9680660565694174,
            0.901238868633906,
            0.8928727010885874,
            0.8546550273895264,
            0.8346411983172098,
            0.8188296755154928,
            0.8276329934597015,
            0.8135073979695638,
            0.7868286867936453,
            0.7848626673221588,
            0.7750066022078196,
            0.7760161856810252,
            0.7999284962813059,
            0.7937042415142059,
            0.7759582300980886,
            0.7857774595419565,
            0.7744336426258087,
            0.7831400632858276,
            0.7935552497704824,
            0.8140650391578674,
            0.7859306633472443
        ]
    }
}