{
    "hyperparameters": {
        "learning-rate": [
            0.0035,
            [
                0.0016,
                15
            ]
        ],
        "model-name": "14_nat_and_else_1",
        "dataset-name": "14_nat_and_else",
        "test-size": 0.05,
        "optimizer": "Adam",
        "loss-function": "NLLLoss",
        "epochs": 15,
        "batch-size": 1000,
        "init-learning-rate": 0.0035,
        "cnn-parameters": [
            1,
            3,
            [
                64
            ]
        ],
        "hidden-size": 200,
        "rnn-layers": 2,
        "lr-schedule": [
            0.0035,
            0.9875,
            100
        ],
        "dropout-chance": 0.3,
        "embedding-size": 200,
        "augmentation": 0.5,
        "resume": false
    },
    "results": {
        "train-accuracy": [
            14.45063,
            53.42936,
            66.7036,
            71.12656,
            73.18501,
            74.81488,
            75.63542,
            76.41448,
            77.15693,
            77.72072,
            78.03508,
            78.45536,
            78.76434,
            79.23637,
            79.6132,
            83.44943,
            83.9727,
            80.32685,
            80.65585,
            81.03855,
            81.30848,
            81.46713,
            81.69655,
            81.95428,
            82.29012
        ],
        "train-loss": [
            2.506995262750765,
            1.4377055743845497,
            1.094601309299469,
            0.9497422799831483,
            0.8872033305284454,
            0.8438242964628266,
            0.8173505553385106,
            0.7953165946937188,
            0.7716597469841562,
            0.7533734949623666,
            0.7391290196558324,
            0.7284928153200847,
            0.7163072260414681,
            0.7031219671412212,
            0.690257249808893,
            0.5761347921883188,
            0.5553918978063072,
            0.6638650745880313,
            0.6542281415404343,
            0.6408734237275473,
            0.6338661220015549,
            0.6269545395199846,
            0.6195982098579407,
            0.6112643910617364,
            0.6027310899118098
        ],
        "validation-accuracy": [
            29.25929,
            66.09261,
            71.3382,
            73.33275,
            74.84404,
            76.3729,
            76.77708,
            77.34821,
            78.14779,
            78.12143,
            78.36745,
            79.05281,
            79.36034,
            79.20218,
            79.72937,
            79.81724,
            80.21264,
            80.15113,
            80.11598,
            80.34443,
            80.24778,
            80.42351,
            80.8277,
            80.8277,
            80.4323
        ],
        "validation-loss": [
            1.9960554043451946,
            1.093461404244105,
            0.9373842179775238,
            0.8668103367090225,
            0.8209265122810999,
            0.7741559147834778,
            0.7706050326426824,
            0.7543688515822092,
            0.7373078415791193,
            0.7363822758197784,
            0.7279358307520548,
            0.7025631268819174,
            0.7029159814119339,
            0.705060655872027,
            0.696976770957311,
            0.6883887946605682,
            0.6966453442970911,
            0.6753738621870676,
            0.6953529169162115,
            0.6810693889856339,
            0.6803094645341238,
            0.6722015887498856,
            0.6763963749011358,
            0.6829346617062887,
            0.7002633810043335
        ]
    }
}