{
    "hyperparameters": {
        "optimizer": "Adam",
        "loss-function": "NLLLoss",
        "epochs": 10,
        "learning-rate": [
            0.003,
            [
                0.002145,
                10
            ],
            [
                0.001,
                18
            ]
        ],
        "batch-size": [
            300
        ],
        "init-learning-rate": 0.003,
        "lr-warmup-steps": 10000,
        "decay-rate": 0.9875,
        "decay-intervall": 95,
        "num-heads": 1,
        "transformer-layers": 3,
        "dropout-chance": 0.2,
        "embedding-size": 300,
        "dense-layer-1": "relu",
        "ngram": 1
    },
    "results": {
        "train-accuracy": [
            20.09473,
            37.04533,
            44.85906,
            49.83589,
            53.26303,
            55.28966,
            56.87339,
            58.16293,
            58.37506,
            54.57635,
            60.23712,
            61.91968,
            61.79007,
            63.39944,
            64.95753,
            65.73237,
            66.31514,
            66.88252,
            67.35107,
            67.85504,
            68.14783,
            68.51707,
            68.81125,
            69.13946,
            69.4136
        ],
        "train-loss": [
            2.8137362343448027,
            2.19161165010679,
            1.9192336294200871,
            1.774461786730306,
            1.6742428119365986,
            1.6154232773747477,
            1.5686543768102472,
            1.5326298872074047,
            1.532598323088426,
            1.6856463559023984,
            1.4759856005648633,
            1.4172139838025286,
            1.4277799658008388,
            1.3690907464994417,
            1.3233769848630146,
            1.296357303399306,
            1.2783201027583408,
            1.2613546383964431,
            1.2428932056560382,
            1.2272094580677007,
            1.214870557751689,
            1.2018905098621662,
            1.191410885740827,
            1.1821042581871672,
            1.1732879971290802
        ],
        "validation-accuracy": [
            28.94428,
            38.89728,
            46.97885,
            49.90769,
            51.31756,
            54.63243,
            55.63108,
            56.81437,
            58.5767,
            58.24941,
            59.02148,
            60.92649,
            61.2286,
            63.0245,
            62.53776,
            64.03995,
            64.78684,
            64.65257,
            65.10574,
            65.41625,
            66.11279,
            66.49883,
            66.2051,
            67.01913,
            66.59114
        ],
        "validation-loss": [
            2.42413516441981,
            2.026504205663999,
            1.8069546590248744,
            1.6962973614533743,
            1.657964160044988,
            1.5606547921895981,
            1.5380197584629058,
            1.4908000101645789,
            1.4426958034435908,
            1.4751541217168171,
            1.4440974434216818,
            1.3905098954836528,
            1.3688355748852095,
            1.32798223644495,
            1.3324189548691114,
            1.2794440721472105,
            1.2676253348588944,
            1.2630296687285105,
            1.2685516277949016,
            1.2476173331340155,
            1.22749155908823,
            1.2215922618905704,
            1.2287683804829916,
            1.1953236301740011,
            1.2051619688669841
        ]
    }
}