{
    "hyperparameters": {
        "optimizer": "Adam",
        "loss-function": "NLLLoss",
        "epochs": 10,
        "learning-rate": [
            0.0035,
            [
                0.002920798165075306,
                8
            ],
            [
                0.002,
                9
            ],
            [
                0.0013,
                12
            ],
            [
                0.0005,
                14
            ]
        ],
        "batch-size": 1000,
        "hidden-size": 200,
        "rnn-layers": 1,
	    "decay-rate": 0.99,
	    "decay-intervall": 100,
        "dropout-chance": 0.5,
        "embedding-size": 200,
        "dense-layer-1": "relu",
        "bi-directional": false,
        "ngram": 3,
	    "augmentation": 0.0
    },
    "results": {
        "train-accuracy": [
            18.51773,
            63.192,
            73.79135,
            77.04209,
            78.8194,
            79.77033,
            80.60289,
            81.24862,
            81.80955,
            82.73354,
            83.09571,
            83.61777,
            84.32887,
            84.67603,
            85.52537
        ],
        "train-loss": [
            2.6660733102176684,
            1.328576420372278,
            0.994921553502524,
            0.8823048396257577,
            0.8222765400021087,
            0.7839426456043899,
            0.7553237647737175,
            0.7319781234085823,
            0.7134025025997918,
            0.6715430638338501,
            0.6516812448984726,
            0.6354205175118299,
            0.604997630030048,
            0.5887611037046374,
            0.5500958628854037
        ],
        "validation-accuracy": [
            44.14233,
            68.1101,
            73.7328,
            75.51192,
            76.51897,
            76.85465,
            77.52602,
            78.39879,
            77.76099,
            78.33165,
            79.00302,
            78.76804,
            79.27157,
            79.01981,
            79.27157
        ],
        "validation-loss": [
            1.8095606366793315,
            1.1244567433993022,
            0.9552092949549357,
            0.9099580347537994,
            0.8719585140546163,
            0.8562150796254476,
            0.8381474812825521,
            0.8150154650211334,
            0.8209613958994547,
            0.8007562061150869,
            0.7916946311791738,
            0.7947143018245697,
            0.7924648622671763,
            0.7918128569920858,
            0.7968610525131226
        ]
    }
}
