{
    "hyperparameters": {
        "optimizer": "Adam",
        "loss-function": "NLLLoss",
        "epochs": 10,
        "learning-rate": [
            0.003,
            [
                0.0014,
                10
            ],
            [
                0.0009599,
                20
            ]
        ],
        "batch-size": [
            350
        ],
        "transformer": true,
        "num-heads": 1,
        "num-layers": 1,
        "dropout-chance": 0.4,
        "embedding-size": 200,
        "dense-layer-1": "relu",
        "ngram": 1
    },
    "results": {
        "train-accuracy": [
            29.25909,
            43.99051,
            47.0153,
            48.36033,
            50.17436,
            51.7786,
            52.86348,
            53.59451,
            54.40851,
            54.93207,
            55.5223,
            56.15029,
            56.81418,
            57.24962,
            57.77131,
            58.32471,
            58.6739,
            59.05014,
            59.30655,
            59.7075,
            59.93641,
            60.24597,
            60.61195,
            60.79144,
            60.98306,
            61.36162
        ],
        "train-loss": [
            2.4599859397524138,
            1.975223977841911,
            1.883870520366152,
            1.8456911607045334,
            1.7937969492465793,
            1.753297031022985,
            1.7207674754579927,
            1.696985014111144,
            1.6800108595734513,
            1.660384028809689,
            1.6447804069441256,
            1.6258484224316347,
            1.6082464431277301,
            1.5942866590244735,
            1.5801639271015833,
            1.5696764694341439,
            1.557874842530168,
            1.547985684813333,
            1.540562551523305,
            1.5285378138353929,
            1.521105716706878,
            1.5116721772836432,
            1.5010048219080268,
            1.4950012322545636,
            1.4897118896294574,
            1.4846640809714113
        ],
        "validation-accuracy": [
            41.40651,
            45.50185,
            47.3565,
            49.18597,
            50.67976,
            51.78751,
            53.35683,
            53.69251,
            54.42263,
            54.90097,
            55.27022,
            56.15139,
            56.42833,
            57.40181,
            57.25915,
            57.80463,
            58.27459,
            58.43404,
            58.82007,
            59.25646,
            59.75999,
            59.86908,
            59.55858,
            60.39778,
            60.0621,
            60.33904
        ],
        "validation-loss": [
            1.9627704858779906,
            1.8347250325339182,
            1.78075361933027,
            1.7337744440351213,
            1.704130128451756,
            1.6310150044304983,
            1.6141401324953353,
            1.5952605860573905,
            1.579930830001831,
            1.5639354807989938,
            1.533355552809579,
            1.505038390840803,
            1.5094946554728916,
            1.501588841847011,
            1.517502658707755,
            1.4580650568008422,
            1.4837233475276401,
            1.4553871359143937,
            1.4370852266039167,
            1.4368363414491927,
            1.4177269629069738,
            1.398861036981855,
            1.4182277304785593,
            1.4191135440553937,
            1.4055725642613002,
            1.3793500695909773
        ]
    }
}