{
    "hyperparameters": {
        "optimizer": "Adam",
        "loss-function": "NLLLoss",
        "epochs": 23,
        "learning-rate": [
            0.003
        ],
        "batch-size": [
            1000
        ],
        "cnn-layers": 4,
        "cnn-channels": [
            32,
            64,
            128,
            256
        ],
        "kernel-size": 3,
        "hidden-size": 200,
        "rnn-layers": 1,
        "decay-rate": 0.9875,
        "decay-intervall": 95,
        "dropout-chance": 0.2,
        "embedding-size": 200,
        "dense-layer-1": "logsoftmax",
        "augmentation": 0.2
    },
    "results": {
        "train-accuracy": [
            11.47299,
            40.41076,
            63.03697,
            71.34314,
            74.78557,
            76.74087,
            78.29601
        ],
        "train-loss": [
            2.81303185933487,
            1.8712079771814893,
            1.28943402073982,
            1.0568370115389383,
            0.943364123940993,
            0.8787547126740611,
            0.8266086237020954
        ],
        "validation-accuracy": [
            22.30614,
            55.43807,
            66.86808,
            71.93689,
            73.21249,
            75.00839,
            75.73011
        ],
        "validation-loss": [
            2.4898074865341187,
            1.5136695106824238,
            1.1636820634206135,
            1.0217737754185994,
            0.955832282702128,
            0.9068848590056101,
            0.8804653584957123
        ]
    }
}