{
    "hyperparameters": {
        "optimizer": "Adam",
        "loss-function": "NLLLoss",
        "epochs": 10,
        "learning-rate": [
            0.0035,
            [
                0.002,
                10
            ],
            [
                0.0008,
                15
            ],
            [
                0.00035,
                17
            ]
        ],
        "batch-size": [
            1000
        ],
        "cnn-layers": 3,
        "cnn-channels": [
            32,
            64,
            128
        ],
        "kernel-size": 3,
        "hidden-size": 200,
        "rnn-layers": 2,
        "decay-rate": 0.98,
        "decay-intervall": 95,
        "dropout-chance": 0.3,
        "embedding-size": 200,
        "dense-layer-1": "logsoftmax",
        "augmentation": 0.2
    },
    "results": {
        "train-accuracy": [
            13.27963,
            40.42957,
            60.37232,
            70.00196,
            74.17037,
            74.03377,
            75.92567,
            77.22407,
            78.22457,
            79.02505,
            82.08948,
            82.76222,
            83.31888,
            83.9133,
            84.33616,
            85.37815,
            85.74459,
            86.42386,
            86.69287
        ],
        "train-loss": [
            2.7881748055302817,
            1.9528334501177766,
            1.3872817078302073,
            1.1031321159628935,
            0.9750884837882463,
            0.9919918076936589,
            0.9229734204536261,
            0.8749840542327526,
            0.8403444279071897,
            0.8103776546411736,
            0.7012523712113846,
            0.6755260678224786,
            0.6519987813262053,
            0.6323785960674286,
            0.6150221081667169,
            0.5664085614126783,
            0.5478322116441505,
            0.5161673824454462,
            0.5053045630455018
        ],
        "validation-accuracy": [
            22.07116,
            51.09936,
            65.40785,
            70.68647,
            73.48103,
            75.62941,
            75.60423,
            77.39174,
            78.18899,
            78.14703,
            78.91071,
            79.38906,
            79.43941,
            79.39745,
            79.40584,
            80.1947,
            80.20309,
            80.2954,
            80.37932
        ],
        "validation-loss": [
            2.4533599615097046,
            1.6174371937910716,
            1.192531059185664,
            1.0390006601810455,
            0.9570821424325308,
            0.8938865115245184,
            0.8886285920937856,
            0.8401904255151749,
            0.8095679730176926,
            0.8061785499254862,
            0.7876649896303812,
            0.7675099770228068,
            0.7715670516093572,
            0.7621454397837321,
            0.7604329387346903,
            0.7504684577385584,
            0.7571599731842676,
            0.7539454648892084,
            0.7559863875309626
        ]
    }
}