{
    "hyperparameters": {
        "optimizer": "Adam",
        "loss-function": "NLLLoss",
        "epochs": 10,
        "learning-rate": [
            0.0035,
            [
                0.00239,
                5
            ],
            [
                0.001818,
                9
            ],
            [
                0.00158,
                11
            ],
            [
                0.001,
                16
            ],
            [
                0.00073,
                20
            ],
            [
                0.0005,
                23
            ],
            [
                0.0001,
                26
            ]
        ],
        "batch-size": 750,
        "hidden-size": 200,
        "rnn-layers": 1,
        "attention-heads": 2,
        "dropout-chance": 0.5,
        "embedding-size": 200,
        "dense-layer-1": "relu",
        "bi-directional": true,
        "ngram": 3,
        "augmentation-chance": 0.1
    },
    "results": {
        "train-accuracy": [
            39.75487,
            71.00349,
            74.96665,
            76.68831,
            77.92324,
            78.80791,
            79.49251,
            80.1113,
            80.48761,
            81.04942,
            81.54013,
            82.0189,
            82.35546,
            82.63372,
            83.02548,
            83.29314,
            83.88631,
            84.08153,
            84.37481,
            84.752,
            85.10004,
            85.34075,
            85.54083,
            85.99311,
            86.26342,
            86.58231,
            87.26116
        ],
        "train-loss": [
            2.026772599741323,
            1.102253817959337,
            0.9699377510326588,
            0.9086817052980133,
            0.8653836650958914,
            0.8331331977781081,
            0.8072746936848622,
            0.7841947347123102,
            0.7644528195952738,
            0.7437713659362287,
            0.7256512697169323,
            0.70878552897087,
            0.6906403453144806,
            0.6798032330756156,
            0.6648110005239777,
            0.6543269646878274,
            0.6309572753329941,
            0.6180189716697528,
            0.607371219538695,
            0.5935275054333226,
            0.5801102766730138,
            0.5685925439296179,
            0.5610521957771668,
            0.5421889253602122,
            0.5298844601539586,
            0.5208985845971581,
            0.48428065196567815
        ],
        "validation-accuracy": [
            64.16583,
            71.19839,
            73.31319,
            74.55522,
            76.18328,
            76.06579,
            76.53575,
            76.61967,
            77.00571,
            77.62672,
            77.74421,
            78.23095,
            78.16381,
            78.39879,
            78.51628,
            78.78483,
            78.6002,
            79.27157,
            78.98624,
            78.90232,
            79.03659,
            79.25478,
            79.17086,
            79.25478,
            79.62403,
            79.47298,
            79.95972
        ],
        "validation-loss": [
            1.2566839158535004,
            1.0394126325845718,
            0.9707247912883759,
            0.9338171109557152,
            0.8924691006541252,
            0.8830887153744698,
            0.8726079240441322,
            0.8686168640851974,
            0.8650769367814064,
            0.8338167518377304,
            0.837256133556366,
            0.8210848942399025,
            0.8278303220868111,
            0.8101901337504387,
            0.8066102564334869,
            0.794585719704628,
            0.7976070120930672,
            0.7961761429905891,
            0.7983181700110435,
            0.7972744405269623,
            0.7970459461212158,
            0.7938395068049431,
            0.8008276522159576,
            0.7969793006777763,
            0.7948298901319504,
            0.8077982068061829,
            0.7985248565673828
        ]
    }
}
