{
    "hyperparameters": {
        "optimizer": "Adam",
        "loss-function": "NLLLoss",
        "epochs": 10,
        "learning-rate": [
            0.001,
            [
                2.38e-05,
                10
            ]
        ],
        "batch-size": [
            64
        ],
        "cnn-layers": 3,
        "cnn-channels": [
            32,
            64,
            128
        ],
        "kernel-size": 2,
        "hidden-size": 200,
        "rnn-layers": 2,
        "decay-rate": 0.99,
        "decay-intervall": 90,
        "dropout-chance": 0.35,
        "embedding-size": 200,
        "dense-layer-1": "logsoftmax",
        "augmentation": 0.5
    },
    "results": {
        "train-accuracy": [
            53.25743,
            78.89405,
            77.11405,
            78.40079,
            78.71176,
            78.73554,
            78.52154,
            78.45254,
            78.41525,
            78.1192,
            82.94171,
            82.96922,
            77.86278,
            77.96675,
            77.99053,
            77.85952,
            77.76535,
            77.82642
        ],
        "train-loss": [
            1.8115093670696518,
            1.0547224384130185,
            1.083301659131107,
            0.9813920969147956,
            0.924713148537641,
            0.8905285688334974,
            0.8675951605711604,
            0.8478817053423718,
            0.8339293943473576,
            0.8294146842632203,
            0.6563081313591441,
            0.6490418554543738,
            0.8213303014280403,
            0.814601015557395,
            0.8104821659962431,
            0.8133020147876836,
            0.815113516582225,
            0.8118147406469239
        ],
        "validation-accuracy": [
            64.74488,
            72.86002,
            75.71333,
            77.79456,
            78.03793,
            78.99463,
            79.54851,
            79.56529,
            79.75831,
            79.5569,
            79.74152,
            80.16952,
            80.03525,
            79.90937,
            79.88419,
            79.93454,
            80.01846,
            79.90937
        ],
        "validation-loss": [
            1.2259751749548682,
            0.9766572124180309,
            0.8702042662204905,
            0.8196291056546298,
            0.7959489517989643,
            0.771170153895164,
            0.7641925387841495,
            0.7500078247830192,
            0.7474984744175233,
            0.7458239406506646,
            0.7486743047275645,
            0.7475294378352038,
            0.7408443611254667,
            0.7418487043304239,
            0.7408039074211834,
            0.7389445577394516,
            0.7459681757631149,
            0.7390324694906326
        ]
    }
}