{
    "hyperparameters": {
        "learning-rate": [
            0.0035,
            [
                0.0032,
                3
            ],
            [
                0.0029,
                6
            ],
            [
                0.0022,
                16
            ],
            [
                0.0014,
                26
            ],
            [
                0.0007,
                46
            ]
        ],
        "optimizer": "Adam",
        "loss-function": "NLLLoss",
        "init-learning-rate": 0.0035,
        "batch-size": 1000,
        "cnn-layers": 1,
        "cnn-channels": [
            64
        ],
        "kernel-size": 3,
        "hidden-size": 200,
        "rnn-layers": 2,
        "decay-rate": 0.9875,
        "decay-intervall": 100,
        "dropout-chance": 0.3,
        "embedding-size": 200,
        "augmentation": 0.99
    },
    "results": {
        "train-accuracy": [
            13.28522,
            53.0178,
            65.94683,
            75.25199,
            70.42761,
            72.11391,
            81.53328,
            73.2496,
            74.28133,
            74.86736,
            75.30887,
            75.76809,
            76.09304,
            76.35785,
            76.88467,
            77.21055,
            85.13571,
            77.10192,
            77.78679,
            78.10149,
            78.27958,
            78.64835,
            78.86141,
            79.1887,
            79.28147,
            79.64419,
            86.61594,
            79.61202,
            80.05166,
            80.19991,
            80.4181,
            80.69456,
            80.71321,
            80.97616,
            81.21579,
            81.28619,
            81.4144,
            81.56872,
            81.79343,
            81.81021,
            81.98178,
            82.21582,
            82.31792,
            82.44706,
            82.63681,
            82.70907,
            87.25978,
            82.46711,
            82.85919,
            83.01351,
            83.15244,
            83.19767,
            83.41026,
            83.32354,
            83.45408,
            83.5739,
            83.60141,
            83.75106,
            83.75805,
            83.89512
        ],
        "train-loss": [
            2.819808711562046,
            1.619622672990311,
            1.2367857045905535,
            0.9141875078511793,
            1.0733483780262083,
            1.0162502097529034,
            0.6985333736552749,
            0.9711766132088595,
            0.9381755842718967,
            0.9187251631603685,
            0.903231532906377,
            0.888185821854791,
            0.8740590081658475,
            0.8605551730754764,
            0.8456969627114229,
            0.8335844308830971,
            0.569741025497747,
            0.8233373999595642,
            0.8013002054635868,
            0.7913784564927567,
            0.7823456306790196,
            0.7718473783759183,
            0.7647576534470847,
            0.7522180609924849,
            0.747370348697485,
            0.7351045891296032,
            0.506551288726718,
            0.726646985564121,
            0.7095029187756915,
            0.7064387496127639,
            0.6992075800895691,
            0.6914258066997971,
            0.6866971492767334,
            0.6796946206758189,
            0.6710524999818136,
            0.6676986677702084,
            0.6673910401588262,
            0.6570644032123477,
            0.6505921391553657,
            0.6483710386032282,
            0.6404742933983026,
            0.6325955227363941,
            0.628079596508381,
            0.6198379746703214,
            0.617233369239541,
            0.6132095087406247,
            0.495364014353863,
            0.6296105232349661,
            0.6147915047268535,
            0.6086957257847453,
            0.605316034167312,
            0.6032519570616789,
            0.5966565057288769,
            0.5973659254783807,
            0.5909848328246626,
            0.5896422164384709,
            0.586386622661768,
            0.5818275670672572,
            0.5783636108387348,
            0.5735115332658901
        ],
        "validation-accuracy": [
            38.40215,
            52.1148,
            60.09567,
            74.73145,
            71.73548,
            71.28231,
            77.84491,
            75.72172,
            75.78046,
            75.78886,
            74.50487,
            75.88117,
            76.12454,
            77.34139,
            77.333,
            77.50923,
            79.80866,
            78.92749,
            79.48976,
            78.76804,
            78.87714,
            79.14569,
            78.7093,
            78.68412,
            78.3904,
            78.82679,
            80.63108,
            80.01007,
            79.7667,
            79.69117,
            79.27157,
            79.48976,
            79.17925,
            79.16247,
            79.238,
            78.89392,
            79.09533,
            78.93588,
            78.43236,
            78.63377,
            78.96106,
            78.82679,
            78.77644,
            78.85196,
            78.15542,
            78.1806,
            80.54716,
            79.71635,
            79.20443,
            78.89392,
            79.01141,
            78.87714,
            78.87714,
            78.90232,
            78.44914,
            78.81,
            78.2813,
            78.57503,
            78.38201,
            78.23095
        ],
        "validation-loss": [
            1.9671728312969208,
            1.8732413450876872,
            1.598041037718455,
            0.9291731069485346,
            1.0459615687529247,
            1.100811282793681,
            0.8419472426176071,
            0.9271597216526667,
            0.9238492548465729,
            0.9366090049346288,
            0.9607095072666804,
            0.9287172257900238,
            0.9355144699414571,
            0.867949366569519,
            0.8690615395704905,
            0.8723196784655253,
            0.7783908347288767,
            0.7990782608588537,
            0.7808060447374979,
            0.8141868313153585,
            0.8216010928153992,
            0.8071314642826716,
            0.8202290932337443,
            0.826559046904246,
            0.8181630621353785,
            0.8275658239920934,
            0.7498358984788259,
            0.7768609573443731,
            0.7909672657648722,
            0.7966330995162328,
            0.8050252000490824,
            0.7955518861611685,
            0.8080400278170904,
            0.8059914062420527,
            0.8069803615411123,
            0.8323878447214762,
            0.8171699444452921,
            0.8390220552682877,
            0.8433670500914255,
            0.8341615299383799,
            0.8286164849996567,
            0.8446635752916336,
            0.8399635752042135,
            0.8496959308783213,
            0.851190651456515,
            0.8580320676167806,
            0.7792041798432668,
            0.8246275037527084,
            0.8584235111872355,
            0.8619966705640157,
            0.8597559034824371,
            0.8585165192683538,
            0.8528089821338654,
            0.8565758516391119,
            0.8651590545972189,
            0.8610675285259882,
            0.8697993556658427,
            0.8773849407831827,
            0.8864753196636835,
            0.885172963142395
        ]
    }
}