{
    "hyperparameters": {
        "optimizer": "Adam",
        "loss-function": "NLLLoss",
        "epochs": 20,
        "learning-rate": [
            0.0025
        ],
        "batch-size": [
            512
        ],
        "cnn-layers": 3,
        "cnn-channels": [
            32,
            64,
            128
        ],
        "kernel-size": 3,
        "hidden-size": 200,
        "rnn-layers": 1,
        "decay-rate": 0.9875,
        "decay-intervall": 90,
        "dropout-chance": 0.0,
        "embedding-size": 200,
        "dense-layer-1": "logsoftmax",
        "augmentation": 0.0
    },
    "results": {
        "train-accuracy": [
            24.31341,
            62.40802,
            72.83159,
            76.23912,
            78.16395,
            79.68111,
            80.7217,
            81.63023,
            82.45175,
            83.17212,
            83.88145,
            84.52454,
            85.15746,
            85.70602,
            86.26165,
            86.8376,
            87.38395,
            87.93163,
            88.39406,
            88.84987
        ],
        "train-loss": [
            2.4252940833434025,
            1.320815169380696,
            1.0108591565698317,
            0.8978127464483877,
            0.830142263768758,
            0.7787065604201289,
            0.7416061815505103,
            0.7063806580366991,
            0.6791244469431669,
            0.6507666423815905,
            0.625948598099616,
            0.600852297270002,
            0.5767728695078305,
            0.5545570475656884,
            0.5331155992792099,
            0.5127406789675254,
            0.4923740284302972,
            0.4720139518951993,
            0.45343970942981626,
            0.4352578199878503
        ],
        "validation-accuracy": [
            48.40551,
            67.25411,
            73.24606,
            75.07553,
            76.11615,
            77.89527,
            78.36522,
            78.73447,
            78.23095,
            78.88553,
            79.38906,
            79.35549,
            79.84223,
            79.43941,
            79.43941,
            79.47298,
            79.40584,
            79.43941,
            79.08694,
            79.80866
        ],
        "validation-loss": [
            1.7046906252702076,
            1.160536100467046,
            0.9549620300531387,
            0.9020711233218511,
            0.8726790249347687,
            0.8290462543567022,
            0.8044744382301966,
            0.7986929466327032,
            0.7967948863903681,
            0.7869767099618912,
            0.7787209153175354,
            0.7814963112274805,
            0.7743184020121893,
            0.7822102606296539,
            0.7943670898675919,
            0.7994850973288218,
            0.7942974617083868,
            0.8099243193864822,
            0.8136817167202631,
            0.827767938375473
        ]
    }
}